City_ID,City,Lat,Lng,Max Temp,Humidity,Cloudiness,Wind Speed,Country,Date
0,port-aux-francais,70.2167,-49.35,278.74,74,99,9.29,TF,1707445841
1,richards bay,32.0377,-28.783,294.66,86,32,1.96,ZA,1707445841
2,sitka,-135.33,57.0531,276.09,70,40,2.06,US,1707445841
3,grytviken,-36.5092,-54.2811,278.42,93,93,7.86,GS,1707445842
4,margaret river,115.0667,-33.95,302.19,43,0,2.77,AU,1707445843
5,puerto ayora,-90.3518,-0.7393,299.57,93,74,3.04,EC,1707445843
6,bredasdorp,20.0403,-34.5322,289.45,86,4,2.76,ZA,1707445843
7,yuzhne,31.1013,46.6221,276.91,95,73,3.11,UA,1707445843
8,ribeira grande,-28.7,38.5167,288.02,82,100,4.47,PT,1707445844
9,tarko-sale,77.785,64.9225,264.24,96,100,4.01,RU,1707445844
10,kilis,37.115,36.7161,281.28,89,100,3.34,TR,1707445844
11,longyearbyen,15.6401,78.2186,261.06,72,20,7.2,SJ,1707445845
12,invercargill,168.35,-46.4,288.72,63,98,4.92,NZ,1707445845
13,adamstown,-130.1015,-25.066,297.39,94,100,15.14,PN,1707445845
14,imperatriz,-47.4917,-5.5264,297.35,94,100,1.26,BR,1707445845
15,olonkinbyen,-8.7187,70.9221,270.38,60,7,5.69,SJ,1707445845
16,puerto natales,-72.4875,-51.7236,284.22,81,100,4.48,CL,1707445846
17,west side highway,-122.9172,46.184,281.03,76,75,2.57,US,1707445846
18,mantua,10.7833,45.1667,282.73,92,100,3.13,IT,1707445847
19,ilulissat,-51.1,69.2167,257.16,66,83,7.2,GL,1707445847
20,dzilam gonzalez,-88.9333,21.2833,295.32,67,0,3.65,MX,1707445847
21,gemena,19.7667,3.25,296.5,42,2,0.71,CD,1707445848
22,stanley,-1.6985,54.868,275.53,95,75,8.23,GB,1707445848
23,bethel,-73.414,41.3712,277.39,71,0,0.45,US,1707445766
24,enewetak,162.3373,11.3474,299.9,84,100,9.54,MH,1707445849
25,kaa-khem,94.7333,51.6833,250.6,97,100,0.63,RU,1707445849
26,xiva,60.3639,41.3783,276.14,48,0,4.29,UZ,1707445849
27,iqaluit,-68.5145,63.7506,250.2,69,75,0.0,CA,1707445850
28,chibougamau,-74.3659,49.9168,272.94,93,100,4.12,CA,1707445850
29,avarua,-159.775,-21.2078,302.18,70,100,8.75,CK,1707445719
30,ataq,46.8319,14.5377,288.24,62,7,2.93,YE,1707445851
31,edinburgh of the seven seas,-12.3116,-37.0676,291.93,81,73,8.15,SH,1707445852
32,murzuq,13.9184,25.9155,283.14,41,53,1.26,LY,1707445852
33,kavieng,150.7967,-2.5744,302.47,72,89,6.97,PG,1707445852
34,ha'il,41.6907,27.5219,281.16,49,0,2.06,SA,1707445853
35,huarmey,-78.1522,-10.0681,297.92,84,25,3.25,PE,1707445853
36,vilyuchinsk,158.4028,52.9306,266.3,71,78,1.52,RU,1707445853
37,yellowknife,-114.3525,62.456,258.38,89,100,2.57,CA,1707445854
38,toma,-2.8833,12.7667,293.73,12,4,3.91,BF,1707445854
39,kodiak,-152.4072,57.79,275.88,93,100,13.89,US,1707445854
40,coquimbo,-71.3436,-29.9533,292.0,88,0,1.54,CL,1707445855
41,thompson,-97.8558,55.7435,258.24,85,100,5.66,CA,1707445855
42,tiksi,128.8694,71.6872,247.62,100,100,1.47,RU,1707445855
43,stavanger,5.7333,58.9701,270.51,68,91,1.54,NO,1707445856
44,strathmore,-113.3852,51.0501,269.46,93,100,0.0,CA,1707445563
45,acajutla,-89.8275,13.5928,297.18,72,17,2.02,SV,1707445856
46,dunedin,170.5036,-45.8742,287.48,77,96,2.24,NZ,1707445857
47,bamboo flat,92.7167,11.7,299.2,78,10,1.03,IN,1707445857
48,hermanus,19.2345,-34.4187,290.69,81,49,3.11,ZA,1707445857
49,iskateley,53.1512,67.6803,262.05,91,70,4.47,RU,1707445858
50,hilo,-155.09,19.7297,298.0,79,75,5.14,US,1707445858
51,aasiaat,-52.8699,68.7098,244.82,97,82,4.43,GL,1707445858
52,east london,27.9116,-33.0153,292.57,80,17,1.06,ZA,1707445859
53,palafrugell,3.1631,41.9174,290.31,51,100,1.34,ES,1707445859
54,bilibino,166.4372,68.0546,245.81,99,100,0.76,RU,1707445859
55,klyuchi,79.1667,52.2667,275.03,91,100,11.97,RU,1707445859
56,waitangi,-176.5597,-43.9535,288.05,59,23,9.42,NZ,1707445860
57,keflavik,-22.5624,64.0049,266.39,73,0,3.09,IS,1707445861
58,igarka,86.5833,67.4667,247.96,99,44,2.53,RU,1707445861
59,guerrero negro,-114.0611,27.9769,288.43,70,72,6.16,MX,1707445861
60,prince albert,-105.7677,53.2001,270.12,86,100,2.06,CA,1707445862
61,san andres,-81.7006,12.5847,299.16,57,40,5.14,CO,1707445862
62,khandyga,135.6,62.6667,236.23,94,73,0.35,RU,1707445862
63,plettenberg bay,23.3716,-34.0527,289.72,76,19,2.34,ZA,1707445862
64,zima,102.0442,53.9202,257.58,94,99,0.65,RU,1707445863
65,suntar,117.6319,62.1444,241.82,99,100,0.11,RU,1707445863
66,atafu village,-172.5159,-8.5421,302.33,74,100,5.62,TK,1707445864
67,el dorado,-120.5177,38.7666,275.84,97,100,1.01,US,1707445864
68,hawaiian paradise park,-154.9731,19.5933,297.88,81,75,5.14,US,1707445864
69,albany,-73.9662,42.6001,278.48,63,95,0.89,US,1707445583
70,colon,-79.9014,9.3592,297.54,75,99,5.81,PA,1707445616
71,papatowai,169.4708,-46.5619,287.4,59,100,1.45,NZ,1707445866
72,holualoa,-155.9522,19.6228,297.06,74,40,4.12,US,1707445866
73,yerofey pavlovich,121.9667,53.9667,259.07,76,49,1.14,RU,1707445866
74,anadyr,177.4833,64.75,263.43,85,75,8.0,RU,1707445867
75,west mackay,149.1605,-21.1481,304.61,68,100,7.46,AU,1707445867
76,isafjordur,-23.124,66.0755,265.38,83,31,2.38,IS,1707445868
77,belyy yar,91.3903,53.6039,257.09,100,100,2.0,RU,1707445868
78,la'ie,-157.9253,21.6477,301.13,70,17,5.36,US,1707445868
79,pacific grove,-121.9166,36.6177,284.63,80,75,4.47,US,1707445869
80,chegdomyn,133.0167,51.1167,255.06,86,95,0.83,RU,1707445870
81,west bay,-81.4167,19.3667,296.19,64,20,4.12,KY,1707445870
82,jamestown,-79.2353,42.097,285.92,45,0,4.63,US,1707445674
83,blackmans bay,147.3167,-43.0167,293.22,68,96,4.72,AU,1707445872
84,itoman,127.6694,26.1247,290.58,88,75,9.26,JP,1707445872
85,pushkinskiye gory,28.9103,57.0209,260.18,98,77,2.24,RU,1707445872
86,ulladulla,150.4667,-35.35,295.82,55,0,4.05,AU,1707445873
87,saint-just-en-chaussee,2.4329,49.505,284.16,88,100,10.15,FR,1707445873
88,wailua homesteads,-159.378,22.0669,299.39,69,40,5.14,US,1707445874
89,brookings,-96.7984,44.3114,274.36,90,100,10.29,US,1707445871
90,rawson,-65.1023,-43.3002,292.84,48,64,6.26,AR,1707445875
91,hasaki,140.8333,35.7333,283.31,61,100,6.63,JP,1707445875
92,westport,-73.3579,41.1415,277.9,86,0,0.45,US,1707445864
93,colonia,6.95,50.9333,284.75,90,75,4.63,DE,1707445600
94,martinsville,-79.8725,36.6915,283.05,34,0,2.57,US,1707445698
95,tazovsky,78.7,67.4667,253.74,98,100,5.12,RU,1707445876
96,broken hill,141.4333,-31.95,303.54,28,0,4.85,AU,1707445610
97,georgetown,100.3354,5.4112,303.11,69,20,4.63,MY,1707445813
98,kapa'a,-159.319,22.0752,300.14,69,40,5.14,US,1707445845
99,mournies,24.0092,35.4764,287.5,77,20,5.66,GR,1707445877
100,ushuaia,-68.3,-54.8,283.96,71,20,8.75,AR,1707445693
101,ta`u,-169.5144,-14.2336,300.24,83,100,6.84,AS,1707445878
102,tobelo,128.0095,1.7284,301.54,75,100,2.19,ID,1707445879
103,awjilah,21.2869,29.1081,285.72,42,0,2.9,LY,1707445879
104,savannakhet,104.751,16.566,295.16,88,75,2.06,LA,1707445880
105,portland,-122.6762,45.5234,281.47,86,100,0.45,US,1707445775
106,altinekin,32.8686,38.3078,276.46,86,100,2.7,TR,1707445880
107,acapulco de juarez,-99.8901,16.8634,301.05,69,40,2.06,MX,1707445836
108,egilsstadir,-14.3948,65.2653,262.1,79,75,1.03,IS,1707445881
109,novo aripuana,-60.3797,-5.1206,297.06,98,100,0.57,BR,1707445881
110,mauganj,81.8833,24.6833,286.87,31,55,1.51,IN,1707445882
111,port lincoln,135.8667,-34.7333,294.01,58,3,6.68,AU,1707445882
112,tralee,-9.7026,52.2704,282.21,97,100,2.08,IE,1707445882
113,port elizabeth,25.5701,-33.918,292.77,81,0,4.12,ZA,1707445837
114,fort st. john,-120.8529,56.2499,264.09,86,20,1.54,CA,1707445808
115,strezhevoy,77.5889,60.7333,263.11,93,100,5.72,RU,1707445883
116,urengoy,78.3667,65.9667,259.59,96,100,5.31,RU,1707445886
117,hamilton,-84.5333,39.1834,287.58,53,75,3.6,US,1707445796
118,erdenet,104.0833,49.0333,257.48,79,6,1.74,MN,1707445888
119,dudinka,86.1778,69.4058,242.97,95,35,2.24,RU,1707445888
120,vilhena,-60.1458,-12.7406,295.05,92,94,1.23,BR,1707445889
121,geraldton,114.6,-28.7667,314.38,9,0,7.2,AU,1707445840
122,rieti,12.8592,42.4072,283.95,74,96,2.57,IT,1707445890
123,haiku-pauwela,-156.3051,20.9219,298.16,75,40,7.2,US,1707445890
124,college,-147.8028,64.8569,260.62,80,40,0.0,US,1707445891
125,west island,96.8225,-12.1568,303.14,74,40,5.66,CC,1707445891
126,arroio grande,-53.0869,-32.2375,295.32,98,10,3.79,BR,1707445892
127,port alfred,26.891,-33.5906,292.14,90,4,0.89,ZA,1707445892
128,kodinsk,99.1844,58.6881,258.39,94,100,1.49,RU,1707445893
129,sibi,67.8764,29.5448,288.48,39,0,0.42,PK,1707445893
130,vila franca do campo,-25.4333,37.7167,289.38,83,100,10.52,PT,1707445894
131,kangiwa,3.8187,12.5521,291.83,16,0,4.27,NG,1707445894
132,ust-nera,143.2,64.5667,243.69,99,99,1.57,RU,1707445895
133,saipan,145.701,15.1355,302.54,65,40,7.72,MP,1707445896
134,atherton,-2.4935,53.5237,278.01,90,100,2.68,GB,1707445896
135,palu,119.8707,-0.8917,304.88,63,68,1.37,ID,1707445897
136,san antonio,-98.4936,29.4241,293.24,52,40,3.6,US,1707445662
137,santiago de cao,-79.2392,-7.9589,298.22,78,100,3.09,PE,1707445898
138,coos bay,-124.2179,43.3665,281.14,76,100,3.09,US,1707445898
139,hadibu,54.0333,12.65,297.68,74,26,4.76,YE,1707445898
140,maffra,146.9833,-37.9667,300.14,35,62,3.43,AU,1707445899
141,ancud,-73.8203,-41.8697,285.71,84,100,1.11,CL,1707445899
142,ibshaway,30.6814,29.358,285.79,74,40,2.04,EG,1707445900
143,arraial do cabo,-42.0278,-22.9661,298.66,88,8,6.31,BR,1707445900
144,barmer,71.3833,25.75,289.15,31,9,1.31,IN,1707445901
145,uturoa,-151.4333,-16.7333,300.92,83,98,6.13,PF,1707445901
146,al hawatah,34.6333,13.4167,297.17,20,1,3.03,SD,1707445901
147,nouadhibou,-17.0347,20.931,292.7,62,22,5.91,MR,1707445902
148,kingston,-76.7936,17.997,297.68,69,20,5.14,JM,1707445902
149,fereydun kenar,52.5225,36.6864,285.56,57,6,2.17,IR,1707445903
150,nova sintra,-24.7167,14.8667,294.84,70,0,5.63,CV,1707445903
151,qamdo,97.2333,31.1667,264.4,34,60,3.49,CN,1707445903
152,thinadhoo,72.9333,0.5333,300.9,69,97,5.26,MV,1707445904
153,torghay,63.4981,49.6339,274.71,98,100,6.62,KZ,1707445904
154,port mathurin,63.4167,-19.6833,300.25,71,84,9.31,MU,1707445904
155,terrace,-128.6035,54.5163,272.1,74,75,1.54,CA,1707445905
156,san patricio,-97.5169,28.017,294.17,91,98,3.56,US,1707445905
157,whitehorse,-135.0538,60.7161,258.04,82,0,5.14,CA,1707445905
158,majuro,171.3803,7.0897,303.13,66,75,5.14,MH,1707445905
159,mount gambier,140.7667,-37.8333,294.74,44,4,5.42,AU,1707445906
160,talnakh,88.3972,69.4865,245.84,85,38,2.37,RU,1707445906
161,petropavlovsk-kamchatsky,158.6483,53.0452,265.48,75,20,3.58,RU,1707445906
162,zarah sharan,68.7917,33.1467,264.65,61,0,0.8,AF,1707445907
163,vilyuysk,121.6247,63.7553,240.93,100,100,0.89,RU,1707445907
164,letlhakane,25.5833,-21.4167,298.06,51,88,3.91,BW,1707445907
165,makary,14.4666,12.5717,292.92,43,53,4.22,CM,1707445908
166,maraba,-49.1178,-5.3686,300.25,94,40,0.0,BR,1707445908
167,lame,9.2396,10.4415,289.16,26,0,0.43,NG,1707445908
168,vanino,140.2543,49.0869,262.0,65,56,1.36,RU,1707445908
169,lautoka,177.4667,-17.6167,305.07,62,40,5.66,FJ,1707445909
170,namtsy,129.6658,62.7161,236.17,95,97,0.54,RU,1707445909
171,codajas,-62.0569,-3.8367,297.05,97,97,0.93,BR,1707445910
172,amga,131.9608,60.8953,240.59,97,100,0.34,RU,1707445910
173,deqen,90.7188,29.9618,264.77,35,7,1.81,CN,1707445911
174,mahibadhoo,72.9667,3.7833,300.55,72,33,6.72,MV,1707445911
175,howrah,88.3103,22.5892,288.15,67,20,2.57,IN,1707445911
176,tolanaro,46.9987,-25.0319,296.19,94,20,3.09,MG,1707445912
177,punta arenas,-70.9167,-53.15,285.21,71,75,2.06,CL,1707445825
178,auki,160.7034,-8.7676,299.36,88,100,7.11,SB,1707445912
179,kununurra,128.7333,-15.7667,306.14,52,75,5.14,AU,1707445913
180,liberal,-100.921,37.0431,281.23,53,0,4.63,US,1707445913
181,crane,-102.3501,31.3974,285.44,35,96,3.57,US,1707445913
182,saeby,10.5225,57.3319,272.57,73,100,7.14,DK,1707445914
183,rio grande,-52.0986,-32.035,298.12,91,2,5.97,BR,1707445677
184,la junta,-103.5438,37.985,279.31,33,0,5.66,US,1707445915
185,smithers,-127.1743,54.7804,269.33,74,20,1.54,CA,1707445801
186,udachny,112.4,66.4167,240.62,67,100,1.37,RU,1707445915
187,susuman,148.1667,62.7833,242.58,98,85,0.89,RU,1707445916
188,pizarro,-77.366,4.9533,300.38,86,100,2.39,CO,1707445916
189,illizi,8.4667,26.4833,280.04,26,2,2.7,DZ,1707445916
190,nagqu,92.0,31.5,259.67,20,0,3.5,CN,1707445917
191,gisborne,178.0042,-38.6533,291.49,87,100,3.89,NZ,1707445917
192,jatiroto,111.1167,-7.8833,301.89,69,20,2.28,ID,1707445917
193,ixtapa,-105.2,20.7,297.72,73,75,3.09,MX,1707445917
194,al kharijah,30.5464,25.4514,285.95,44,15,3.27,EG,1707445918
195,puerto baquerizo moreno,-89.6,-0.9,298.94,83,100,4.25,EC,1707445918
196,yashkul',45.3435,46.1711,281.04,85,100,5.68,RU,1707445918
197,nizhnyaya poyma,97.1933,56.1622,267.52,93,100,2.81,RU,1707445919
198,nemuro,145.575,43.3236,269.91,61,2,3.78,JP,1707445919
199,kapuskasing,-82.4331,49.4169,278.15,56,100,6.17,CA,1707445919
200,arno,18.6333,60.1167,267.47,79,99,3.99,SE,1707445920
201,zayed city,54.589,24.3768,294.82,69,40,3.09,AE,1707445920
202,barah,30.3667,13.7,291.84,16,1,4.44,SD,1707445920
203,olyokminsk,120.4264,60.3736,244.4,99,91,0.41,RU,1707445921
204,tari,4.4914,12.4086,291.75,17,0,4.38,NG,1707445921
205,troitsko-pechorsk,56.1964,62.7084,262.98,91,98,3.13,RU,1707445922
206,lobito,13.5456,-12.3481,300.02,79,100,0.52,AO,1707445922
207,muisne,-80.0333,0.6,298.49,90,30,0.94,EC,1707445922
208,divnomorskoye,38.1353,44.5011,281.03,91,72,3.51,RU,1707445923
209,camabatela,15.375,-8.1881,290.66,93,97,0.4,AO,1707445923
210,myeik,98.6,12.4333,300.81,64,4,1.17,MM,1707445924
211,ad-damazin,34.3592,11.7891,297.68,23,0,2.39,SD,1707445924
212,san antonio de pale,5.6325,-1.4014,300.92,78,62,4.42,GQ,1707445929
213,fish town,-7.8756,5.1964,295.17,99,16,1.15,LR,1707445929
214,neyshabur,58.7958,36.2133,278.17,53,0,0.47,IR,1707445866
215,ocean shores,-124.1563,46.9737,281.49,76,100,3.6,US,1707445771
216,belgrade,20.4651,44.804,282.42,75,0,3.09,RS,1707445930
217,pandaria,81.4167,22.2333,290.53,16,39,1.52,IN,1707445931
218,utrik,169.8474,11.2278,299.46,80,98,9.6,MH,1707445931
219,nar'yan-mar,53.087,67.6713,262.1,91,70,4.47,RU,1707445931
220,kristiansund,7.732,63.1115,271.51,86,100,2.06,NO,1707445932
221,minas de marcona,-75.1103,-15.2119,293.64,84,75,3.99,PE,1707445932
222,flying fish cove,105.6791,-10.4217,298.97,94,75,3.09,CX,1707445932
223,gadzhiyevo,33.3362,69.2551,251.97,100,100,2.58,RU,1707445933
224,nevada,-116.7512,39.2502,267.75,83,44,0.79,US,1707445933
225,lebu,-73.65,-37.6167,287.24,87,13,7.95,CL,1707445934
226,mechetinskaya,40.456,46.7713,275.22,99,100,2.8,RU,1707445934
227,charters towers,146.2667,-20.1,306.25,33,96,4.13,AU,1707445934
228,argo,22.7333,37.6333,285.81,81,0,2.14,GR,1707445935
229,mecitozu,35.2953,40.52,275.42,75,100,1.31,TR,1707445935
230,sain alto,-103.25,23.5833,287.39,21,83,3.85,MX,1707445935
231,isangel,169.2667,-19.55,301.21,78,75,4.63,VU,1707445936
232,qarazhal,70.7903,48.0078,274.08,85,100,10.04,KZ,1707445936
233,gulf shores,-87.7008,30.246,290.18,81,40,4.63,US,1707445937
234,souillac,57.5167,-20.5167,299.36,78,40,5.14,MU,1707445937
235,alice springs,133.8833,-23.7,306.05,20,41,7.72,AU,1707445830
236,mandalgovi,106.2708,45.7625,260.45,65,2,2.37,MN,1707445938
237,mukalla,49.1242,14.5425,295.19,68,20,2.84,YE,1707445938
238,inari,27.0288,68.906,252.26,100,97,2.17,FI,1707445938
239,inverloch,145.7167,-38.6333,294.85,61,43,5.12,AU,1707445939
240,hammerfest,23.6821,70.6634,262.4,73,57,5.66,NO,1707445939
241,tura,90.2201,25.5198,291.84,30,0,1.04,IN,1707445940
242,usinsk,57.5281,65.9939,265.97,80,100,8.94,RU,1707445941
243,lamu,40.902,-2.2717,299.24,88,13,4.46,KE,1707445941
244,fale old settlement,-171.2468,-9.3852,302.27,76,100,7.49,TK,1707445942
245,qaqortoq,-46.0333,60.7167,252.29,88,12,2.97,GL,1707445776
246,boa vista,-60.6733,2.8197,302.14,54,0,3.6,BR,1707445717
247,aban,96.06,56.67,264.61,94,79,2.73,RU,1707445943
248,rongelap,166.8941,11.1635,299.64,85,100,9.4,MH,1707445944
249,labytnangi,66.4183,66.6572,267.59,93,100,8.09,RU,1707445944
250,salekhard,66.6019,66.53,267.29,93,100,7.57,RU,1707445945
251,okha,142.9478,53.5739,257.4,87,92,5.42,RU,1707445945
252,ormara,64.6357,25.2088,293.49,54,0,2.8,PK,1707445946
253,tamanrasset,5.5228,22.785,282.1,20,0,2.06,DZ,1707445946
254,santyoku,129.1708,37.4406,278.38,51,21,0.66,KR,1707445947
255,fortuna,-124.1573,40.5982,282.96,83,100,0.0,US,1707445947
256,afaahiti,-149.2833,-17.75,301.08,83,100,8.73,PF,1707445948
257,muriti,32.9167,-1.9833,296.31,71,15,2.12,TZ,1707445948
258,taoudenni,-3.9836,22.6783,290.43,16,0,2.35,ML,1707445949
259,arkhangel'sk,40.5433,64.5401,264.21,92,100,1.0,RU,1707445886
260,undurkhaan,110.6556,47.3194,254.29,87,8,1.87,MN,1707445950
261,lihue,-159.3672,21.9789,299.73,69,40,5.14,US,1707445950
262,nova vicosa,-39.3719,-17.8919,297.11,79,100,2.02,BR,1707445951
263,saladas,-58.6259,-28.2538,301.7,60,54,3.75,AR,1707445952
264,tot'ma,42.7642,59.9747,259.59,93,100,3.77,RU,1707445952
265,prince rupert,-130.3201,54.3161,276.98,86,100,1.54,CA,1707445953
266,chonchi,-73.8092,-42.6128,287.71,93,67,1.9,CL,1707445924
267,agnita,24.6167,45.9667,279.69,72,80,1.98,RO,1707445953
268,chicoana,-65.5331,-25.1009,294.85,69,41,1.48,AR,1707445954
269,dolinsk,142.8,47.35,264.17,72,64,1.04,RU,1707445938
270,manokwari,134.0833,-0.8667,300.46,79,100,2.53,ID,1707445954
271,conceicao do araguaia,-49.2647,-8.2578,297.61,91,100,1.33,BR,1707445955
272,mafinga,35.0667,-7.25,292.57,96,100,0.89,TZ,1707445955
273,jumla,82.1838,29.2747,279.45,9,0,1.35,NP,1707445955
274,coruripe,-36.1756,-10.1256,299.82,84,33,5.37,BR,1707445956
275,santa cruz,-63.1667,-17.8,300.85,78,75,4.63,BO,1707445804
276,cooma,149.1333,-36.2333,297.5,28,0,2.22,AU,1707445956
277,tarauaca,-70.7656,-8.1614,297.79,86,67,1.08,BR,1707445957
278,saudarkrokur,-19.6394,65.7461,257.02,91,14,3.98,IS,1707445957
279,mirnyy,113.9611,62.5353,242.72,74,100,1.79,RU,1707445958
280,sijunjung,100.9537,-0.6876,298.8,92,96,0.46,ID,1707445958
281,estremoz,-7.5859,38.8443,284.13,96,100,4.74,PT,1707445959
282,kalmunai,81.8167,7.4167,300.26,70,74,4.28,LK,1707445959
283,nuuk,-51.7216,64.1835,263.49,79,100,9.26,GL,1707445960
284,horta,-28.6333,38.5333,287.6,83,100,4.02,PT,1707445960
285,burang,81.1667,30.25,263.35,30,0,0.78,CN,1707445961
286,mil'kovo,37.7956,55.6078,259.23,92,6,4.31,RU,1707445961
287,ciudad bolivar,-63.5497,8.1222,302.48,58,95,5.73,VE,1707445961
288,hefei,117.2808,31.8639,277.16,75,22,2.0,CN,1707445805
289,grajau,-46.1386,-5.8194,297.31,93,100,1.37,BR,1707445962
290,weno,151.8468,7.4515,303.12,74,100,4.63,FM,1707445962
291,fallon,-118.7774,39.4735,276.08,75,75,2.06,US,1707445963
292,cidreira,-50.2056,-30.1811,297.46,92,13,6.34,BR,1707445963
293,kurchatov,35.6521,51.6601,260.91,95,40,1.63,RU,1707445964
294,callao,-77.15,-12.0667,301.88,73,40,5.66,PE,1707445880
295,yuzhno-kurilsk,145.8556,44.0306,268.91,57,8,3.03,RU,1707445964
296,aqadyr,72.8483,48.2553,273.86,90,99,10.82,KZ,1707445965
297,qandala,49.8728,11.472,297.79,71,2,3.19,SO,1707445965
298,vorkuta,64.0,67.5,265.75,87,100,5.05,RU,1707445966
299,cockburn town,-71.1419,21.4612,296.73,56,0,7.71,TC,1707445966
300,palangkaraya,113.8333,-2.2,306.59,53,35,1.03,ID,1707445966
301,nushki,66.0215,29.5542,284.43,41,8,1.46,PK,1707445967
302,hassi messaoud,6.0729,31.6804,282.07,37,0,2.57,DZ,1707445967
303,necochea,-58.7368,-38.5473,292.88,93,100,5.26,AR,1707445968
304,bandarbeyla,50.8122,9.4942,298.53,82,48,8.02,SO,1707445968
305,oxapampa,-75.4017,-10.5775,288.95,96,66,1.32,PE,1707445969
306,houlton,-67.8403,46.1262,271.88,79,0,0.0,US,1707445969
307,laojunmiao,97.7333,39.8333,271.45,25,100,2.6,CN,1707445969
308,castelo do piaui,-41.5525,-5.3222,298.92,69,96,0.99,BR,1707445970
309,kargasok,80.8572,59.0556,265.35,94,100,4.02,RU,1707445970
310,port macquarie,152.9167,-31.4333,300.87,63,98,5.83,AU,1707445850
311,vadso,29.7487,70.0744,259.24,85,100,2.06,NO,1707445971
312,khorixas,14.9667,-20.3667,296.53,47,98,1.97,NA,1707445971
313,malgrat de mar,2.7414,41.6466,289.32,69,100,7.0,ES,1707445971
314,mamuju,118.8885,-2.6748,303.26,66,40,1.46,ID,1707445971
315,lospalos,127.0025,-8.5186,302.07,65,93,2.45,TL,1707445972
316,port moresby,147.1797,-9.4431,301.83,74,40,5.14,PG,1707445972
317,lorengau,147.2712,-2.0226,302.72,72,67,6.27,PG,1707445972
318,las delicias,-90.5,19.8333,297.14,53,0,4.12,MX,1707445973
319,praya,-23.5087,14.9215,296.45,64,0,5.66,CV,1707445973
320,severnoye,78.3619,56.3491,268.14,85,100,5.36,RU,1707445973
321,mabaruma,-59.7833,8.2,296.96,89,45,1.84,GY,1707445974
322,taltal,-70.4833,-25.4,294.77,80,50,1.44,CL,1707445974
323,chokwe,32.9833,-24.5333,296.19,90,6,0.56,MZ,1707445975
324,muskegon,-86.1334,43.3,287.18,70,75,12.35,US,1707445975
325,flin flon,-101.865,54.7682,260.33,95,99,3.16,CA,1707445975
326,playa del ingles,-15.5787,27.7567,295.04,14,72,0.89,ES,1707445799
327,laguna,-121.4238,38.421,282.46,85,20,2.57,US,1707445976
328,ialibu,143.9935,-6.2821,291.23,86,98,1.38,PG,1707445976
329,asubulaq,83.0558,49.5583,268.0,87,100,4.53,KZ,1707445977
330,saldanha,17.9442,-33.0117,286.18,88,0,2.81,ZA,1707445977
331,kletskaya,43.0584,49.3145,270.67,60,100,4.61,RU,1707445977
332,kasoa,-0.4224,5.533,300.4,88,9,1.99,GH,1707445978
333,kadoma,135.5833,34.7333,283.15,51,20,1.54,JP,1707445978
334,yarmouth,-70.2286,41.7057,274.8,90,0,0.0,US,1707445978
335,zalingei,23.4741,12.9096,292.29,26,8,0.48,SD,1707445979
336,hata,83.7403,26.7461,282.14,43,0,0.65,IN,1707445979
337,hornell,-77.6611,42.3279,283.01,68,100,0.89,US,1707445979
338,loreto,-101.9667,22.2667,288.0,19,4,2.33,MX,1707445980
339,mount pearl,-52.7813,47.5166,272.22,96,100,8.23,CA,1707445969
340,cabo san lucas,-109.9124,22.8909,294.68,59,100,3.6,MX,1707445740
341,new norfolk,147.0587,-42.7826,293.87,60,94,2.97,AU,1707445980
342,lensk,114.9278,60.7253,251.89,96,99,0.99,RU,1707445981
343,cabedelo,-34.8339,-6.9811,301.52,78,28,5.58,BR,1707445981
344,hithadhoo,73.0833,-0.6,301.2,75,100,7.19,MV,1707445982
345,labrador city,-66.9114,52.9463,268.1,68,100,3.09,CA,1707445982
346,mount pleasant,-79.8626,32.7941,282.23,89,0,1.54,US,1707445977
347,tateyama,139.8667,34.9833,281.34,65,100,5.98,JP,1707445983
348,crucecita,-58.9833,-28.95,303.62,53,69,5.35,AR,1707445984
349,kerikeri,173.9474,-35.2268,299.21,69,98,4.43,NZ,1707445984
350,brak,14.2714,27.5496,284.66,32,0,2.15,LY,1707445984
351,villaguay,-59.0269,-31.8653,302.19,50,42,3.05,AR,1707445985
352,pisco,-76.2167,-13.7,297.18,88,0,7.72,PE,1707445985
353,walvis bay,14.5053,-22.9575,290.68,88,16,1.03,NA,1707445814
354,winston,-82.0148,28.0317,290.36,80,0,0.0,US,1707445986
355,diego de almagro,-70.05,-26.3667,294.14,50,0,0.41,CL,1707445889
356,urangan,152.9,-25.3,303.82,60,38,5.36,AU,1707445987
357,st. john's,-52.7093,47.5649,272.68,96,100,8.23,CA,1707445987
358,papao,-149.55,-17.75,301.97,85,100,7.72,PF,1707445987
359,zouerate,-12.4521,22.7187,292.17,12,54,3.19,MR,1707445988
360,i-n-salah,2.4607,27.1935,287.38,20,0,2.91,DZ,1707445988
361,al jawf,38.75,29.5,285.55,42,9,5.02,SA,1707445989
362,wotho,166.0102,10.1657,299.9,83,100,9.21,MH,1707445989
363,badger,-147.5333,64.8,260.57,83,40,0.0,US,1707445989
364,vernon,-119.2691,50.2581,276.35,78,79,0.51,CA,1707445990
365,pathein,94.7333,16.7833,302.31,41,5,6.38,MM,1707445990
366,ajalpan,-97.25,18.3667,292.16,59,3,1.86,MX,1707445933
367,mana,-53.7767,5.6592,298.56,87,68,3.53,GF,1707445991
368,richmond,-77.4603,37.5538,281.51,68,75,2.06,US,1707445717
369,namibe,12.1522,-15.1961,298.65,79,100,2.16,AO,1707445991
370,salta,-65.4117,-24.7859,295.69,78,40,2.57,AR,1707445762
371,putatan,116.0609,5.9258,303.16,74,20,2.06,MY,1707445992
372,pasuquin,120.6177,18.3328,301.12,65,20,3.09,PH,1707445992
373,caxito,13.6643,-8.5785,297.97,85,76,0.64,AO,1707445993
374,sandnessjoen,12.6316,66.0217,269.44,80,100,11.13,NO,1707445993
375,prado,-39.2208,-17.3411,296.89,80,100,2.56,BR,1707445994
376,coahuayana de hidalgo,-103.6583,18.7,293.99,89,7,1.38,MX,1707445994
377,mthatha,28.7844,-31.5889,289.49,92,76,0.94,ZA,1707445994
378,daloa,-6.4502,6.8774,293.14,77,1,0.51,CI,1707445994
379,silver city,-108.2803,32.7701,278.53,54,40,6.26,US,1707445995
380,howard springs,131.047,-12.497,303.7,86,100,2.99,AU,1707445995
381,clarkston heights-vineland,-117.083,46.3874,278.62,80,100,0.0,US,1707445995
382,jayapura,140.7,-2.5333,303.81,86,100,4.68,ID,1707445996
383,loushanguan,106.82,28.1375,279.1,75,91,1.8,CN,1707445996
384,mermoz boabab,-17.4758,14.7065,296.46,69,0,7.63,SN,1707445997
385,gornopravdinsk,69.9,60.05,264.98,94,100,3.79,RU,1707445997
386,las palmas,-14.0131,28.4204,294.59,13,0,3.6,ES,1707445997
387,zhangye,100.4517,38.9342,273.96,34,10,1.69,CN,1707445998
388,padang,100.3543,-0.9492,302.18,74,100,0.64,ID,1707445998
389,turpan,89.1667,42.9333,276.62,45,76,0.71,CN,1707445998
390,tubmanburg,-10.8172,6.8708,296.55,98,16,0.38,LR,1707445999
391,ghat,10.1728,24.9647,284.03,29,4,0.08,LY,1707446000
392,juneau,-134.4197,58.3019,270.15,86,20,0.0,US,1707445870
393,sudislavl',41.7083,57.8817,257.09,93,100,4.79,RU,1707446000
394,dondo,34.7431,-19.6094,299.88,87,10,1.2,MZ,1707446000
395,pontes e lacerda,-59.3353,-15.2261,296.91,88,98,1.32,BR,1707445907
396,kolonia,6.95,50.9333,284.75,88,100,4.63,DE,1707446001
397,mapimi,-103.85,25.8167,288.84,30,95,0.42,MX,1707446002
398,hirara,125.2833,24.8,289.3,88,75,12.35,JP,1707446002
399,preveza,20.75,38.95,282.1,100,0,1.03,GR,1707446002
400,carnarvon,113.6333,-24.8667,306.8,40,0,3.48,AU,1707446003
401,cozumel,-86.9458,20.5083,297.63,79,20,3.58,MX,1707446003
402,naro moru,37.0213,-0.1676,284.89,90,79,0.79,KE,1707446003
403,berezovo,65.0419,63.9381,257.88,99,89,3.23,RU,1707446004
404,puerto madero,-92.4215,14.7208,297.26,94,0,0.0,MX,1707445929
405,podgorenskiy,39.6429,50.405,269.64,69,44,2.89,RU,1707446004
406,barika,5.3658,35.389,285.45,30,100,2.96,DZ,1707446005
407,kruisfontein,24.7314,-34.0033,288.45,77,5,2.3,ZA,1707446005
408,anatuya,-62.8347,-28.4606,300.31,70,99,2.61,AR,1707446005
409,entebbe,32.4469,0.0644,296.27,73,82,0.82,UG,1707446005
410,arawa,155.5367,-6.2132,301.76,77,97,1.37,PG,1707446006
411,nyurba,118.3319,63.2842,241.46,98,97,0.39,RU,1707446000
412,rabigh,39.0349,22.7986,296.91,68,68,1.29,SA,1707446006
413,vuktyl,57.3094,63.8567,259.88,90,74,3.13,RU,1707446007
414,thurso,-3.5259,58.5927,276.29,65,100,9.07,GB,1707446007
415,pyhajarvi,27.2176,67.0701,242.1,100,100,0.93,FI,1707446007
416,canutama,-64.3831,-6.5339,298.09,85,96,1.15,BR,1707446008
417,otjiwarongo,16.6477,-20.4637,292.97,58,18,1.6,NA,1707446008
418,tavda,65.2726,58.0425,259.09,98,98,0.89,RU,1707446008
419,lower hutt,174.9167,-41.2167,294.39,64,34,5.14,NZ,1707446009
420,kulattur,78.2,9.0167,299.27,79,11,4.34,IN,1707446010
421,tomatlan,-105.25,19.9333,292.19,93,3,0.65,MX,1707446010
422,box elder,-112.8764,41.5005,274.96,70,77,3.3,US,1707446010
423,garachico,-17.7646,28.7781,294.21,25,0,4.12,ES,1707446011
424,ngereklmadel,134.4856,7.4883,301.2,83,100,5.14,PW,1707446011
425,soplaviento,-75.1408,10.3931,300.11,72,45,5.41,CO,1707446011
426,verkhnyaya pyshma,60.5808,56.9667,263.84,84,99,6.52,RU,1707446012
427,santa marta,-74.199,11.2408,300.31,71,0,0.45,CO,1707445719
428,nicoya,-85.452,10.1483,296.14,76,94,3.6,CR,1707446012
429,fort bragg,-79.006,35.139,282.7,63,40,0.45,US,1707446013
430,rio gallegos,-69.2181,-51.6226,286.18,58,0,4.12,AR,1707446013
431,kampene,26.6667,-3.6,294.03,97,25,0.77,CD,1707446014
432,bayanaul,75.6956,50.7889,276.03,86,100,14.81,KZ,1707446014
433,winnemucca,-117.7357,40.973,275.18,69,100,3.09,US,1707446014
434,san luis de la loma,-100.8939,17.2706,297.79,79,10,2.88,MX,1707446015
435,hotan,79.9269,37.0997,273.21,46,16,0.5,CN,1707446015
436,seven pagodas,80.1722,12.6264,297.18,77,11,1.32,IN,1707446015
437,nova olimpia,-57.2881,-14.7972,296.85,90,100,1.34,BR,1707446015
438,sinop,34.8709,41.7711,281.01,73,22,3.77,TR,1707446016
439,redange-sur-attert,5.8908,49.7656,282.85,82,100,7.6,LU,1707446016
440,as samawah,45.2944,31.332,285.77,56,27,1.23,IQ,1707446016
441,velikiy ustyug,46.3106,60.7644,263.93,94,100,3.58,RU,1707446017
442,poronaysk,143.1167,49.2167,260.03,74,24,1.53,RU,1707446017
443,gombi,12.7399,10.1614,291.07,27,10,2.46,NG,1707446017
444,porto novo,2.6036,6.4965,301.05,87,8,0.91,BJ,1707446018
445,severo-yeniseyskiy,93.0408,60.3725,262.36,96,100,1.79,RU,1707446018
446,taroa,171.2275,8.7058,300.04,75,97,9.23,MH,1707446018
447,shabqadar,71.5552,34.2139,282.27,35,0,1.09,PK,1707446018
448,waconia,-93.7869,44.8508,276.32,92,100,4.92,US,1707446019
449,ad dawadimi,44.3924,24.5077,282.79,41,15,4.66,SA,1707446019
450,sinazongwe,27.4618,-17.2614,298.26,58,90,1.18,ZM,1707446019
451,barra de santo antonio,-35.5072,-9.4047,299.75,86,52,4.67,BR,1707446020
452,bechar,-2.2167,31.6167,286.33,19,0,3.09,DZ,1707446020
453,galliano,-90.2992,29.4422,290.15,78,100,2.74,US,1707446020
454,xiaoweizhai,107.5125,26.1903,280.32,66,89,2.69,CN,1707446021
455,serang,106.1502,-6.1149,303.41,64,11,1.1,ID,1707446021
456,shitanjing,106.3439,39.2342,271.61,46,0,11.42,CN,1707446021
457,kudahuvadhoo,72.8944,2.6708,300.95,71,85,6.44,MV,1707446022
458,kloulklubed,134.2556,7.0419,301.43,82,97,7.5,PW,1707446022
459,asa,14.6,58.0167,268.86,93,95,2.44,SE,1707446022
460,sumberpucung,112.4829,-8.1586,302.76,64,29,1.78,ID,1707446022
461,macia,33.0989,-25.0269,295.58,95,24,0.43,MZ,1707446023
462,yoichi,140.7703,43.2039,273.08,54,100,7.59,JP,1707446023
463,kemijarvi,27.4306,66.7131,242.61,100,100,0.68,FI,1707446023
464,lompoc,-120.4579,34.6391,284.78,80,0,6.26,US,1707446024
465,yanliang,109.2292,34.6592,276.7,56,74,2.7,CN,1707446024
466,ilhabela,-45.3581,-23.7781,298.43,90,31,3.94,BR,1707445905
467,santa terezinha,-50.0904,-29.9002,297.52,93,13,5.79,BR,1707446025
468,umluj,37.2685,25.0213,294.57,50,0,0.57,SA,1707446025
469,napa,-122.3344,38.4832,281.43,78,85,0.98,US,1707446025
470,palmerton,-75.6102,40.8015,281.44,62,100,2.24,US,1707446026
471,mossel bay,22.146,-34.1831,291.62,77,50,2.51,ZA,1707446026
472,colares,-9.4469,38.7992,289.7,95,100,14.75,PT,1707446026
473,happy valley-goose bay,-60.3315,53.3168,262.32,92,40,2.06,CA,1707446026
474,darwin,130.8418,-12.4611,303.74,81,75,1.03,AU,1707446027
475,maiyama,4.3677,12.0841,291.98,17,1,4.13,NG,1707446027
476,tevriz,72.4042,57.509,266.25,97,100,1.36,RU,1707446027
477,upington,21.2561,-28.4478,295.36,28,0,2.06,ZA,1707446028
478,tianfu,122.0511,37.1936,274.88,51,2,2.19,CN,1707446028
479,mingshui,117.5,36.7167,279.59,58,5,3.37,CN,1707446028
480,saulkrasti,24.4147,57.2622,268.12,89,23,4.27,LV,1707446029
481,borger,6.7931,52.9233,275.37,85,100,6.12,NL,1707446029
482,tocopilla,-70.1979,-22.092,297.26,72,0,1.85,CL,1707446030
483,krasnoslobodsk,44.5714,48.7072,271.05,86,0,2.0,RU,1707446030
484,xilin hot,116.0333,43.9667,259.4,88,39,2.84,CN,1707446030
485,prince george,-122.753,53.9166,270.51,74,100,2.06,CA,1707446031
486,east ballina,153.5833,-28.8667,296.37,85,98,6.69,AU,1707446031
487,wurtulla,153.1256,-26.7568,300.54,90,75,2.24,AU,1707446031
488,loikaw,97.2094,19.6742,299.0,30,1,0.79,MM,1707446032
489,woodstock,-80.7497,43.1334,280.74,64,97,7.16,CA,1707446032
490,kiffa,-11.4045,16.6166,294.95,11,0,4.68,MR,1707446032
491,mount isa,139.5,-20.7333,306.02,55,40,4.12,AU,1707446033
492,santarem,-54.7083,-2.4431,300.22,78,0,1.54,BR,1707446033
493,dryden,-92.7503,49.7833,275.31,100,100,2.06,CA,1707446033
494,chichicastenango,-91.1167,14.9333,287.64,72,7,0.27,GT,1707446033
495,port blair,92.75,11.6667,299.17,78,10,1.03,IN,1707446034
496,sidney,151.2073,-33.8679,299.69,65,75,8.23,AU,1707445997
497,kotabumi,104.9,-4.8333,302.57,71,53,0.94,ID,1707446034
498,arteche,125.4048,12.2645,301.79,65,11,3.6,PH,1707446035
499,kindu,25.95,-2.95,294.75,97,87,0.44,CD,1707446035
500,jebrail,47.0283,39.3992,281.42,51,84,3.4,AZ,1707446035
501,mont-tremblant,-74.6264,46.1949,273.92,69,100,0.51,CA,1707446036
502,albertina,-46.6158,-22.2008,291.55,88,63,2.37,BR,1707446036
503,choma,26.9531,-16.8065,291.99,69,53,2.37,ZM,1707446036
504,ringkobing,8.244,56.0901,272.6,86,100,8.71,DK,1707446036
505,sisimiut,-53.6735,66.9395,256.12,78,87,8.56,GL,1707446037
506,codrington,141.9667,-38.2667,292.72,56,8,6.36,AU,1707446037
507,dordrecht,4.6736,51.81,283.3,94,100,1.79,NL,1707446037
508,puerto el triunfo,-88.55,13.2833,296.98,65,48,2.14,SV,1707446038
509,newman,-121.0208,37.3138,282.61,85,93,0.45,US,1707446038
510,alofi,-169.9187,-19.0595,301.3,79,78,3.52,NU,1707446038
511,crateus,-40.6775,-5.1783,297.61,69,22,1.91,BR,1707446038
512,lobujya,86.8167,27.95,259.02,36,0,3.64,NP,1707446039
513,castillos,-53.8333,-34.1667,294.53,94,21,2.5,UY,1707446039
514,touros,-35.4608,-5.1989,300.31,78,4,5.19,BR,1707446039
515,gillette,-105.5022,44.2911,270.4,79,0,3.6,US,1707445807
516,karratha,116.8463,-20.7377,307.51,42,0,6.38,AU,1707446040
517,saham,56.8886,24.1722,290.79,61,20,2.9,OM,1707446040
518,constantia,28.65,44.1833,277.53,68,4,3.87,RO,1707446041
519,amuntai,115.2494,-2.4177,306.19,57,19,0.43,ID,1707446041
520,zhangjiakou shi xuanhua qu,115.0447,40.6103,268.93,68,93,1.98,CN,1707446041
521,roosevelt,-103.4505,33.9668,280.08,28,0,8.33,US,1707445997
522,island harbour,-1.2758,50.724,284.35,92,100,3.58,GB,1707446042
523,scarborough,-0.4044,54.2797,278.52,93,100,7.6,GB,1707446043
524,altay,88.1167,47.8667,262.5,73,57,2.55,CN,1707446043
525,kogalym,74.4791,62.2654,259.01,98,72,6.36,RU,1707446043
526,kovrov,41.3192,56.3572,257.76,91,100,5.59,RU,1707446044
527,weining,104.2333,26.85,274.47,60,93,3.11,CN,1707446044
528,kiama,150.8667,-34.6833,298.92,63,3,4.77,AU,1707446044
529,santo antonio,-35.4789,-6.3106,298.62,84,12,2.64,BR,1707446044
530,sawakin,37.3321,19.1059,294.76,78,1,3.0,SD,1707446045
531,lappeenranta,28.1887,61.0587,253.59,77,0,2.06,FI,1707446045
532,talavera,120.9333,15.6167,305.21,41,10,1.02,PH,1707446045
533,puerto armuelles,-82.8667,8.2833,302.14,59,65,0.45,PA,1707445821
534,rikaze,88.8833,29.25,268.84,14,0,2.19,CN,1707446046
535,santa marta de ortigueira,-7.85,43.6833,285.99,94,100,8.44,ES,1707446046
536,aykhal,111.5,66.0,241.05,100,90,2.02,RU,1707446047
537,belmonte,-38.8828,-15.8631,296.98,89,100,1.19,BR,1707446047
538,charlottetown,-63.1267,46.2352,270.31,93,75,2.57,CA,1707446048
539,bayanhongor,100.1167,46.7167,254.55,75,61,0.45,MN,1707446048
540,mikuni,136.1519,36.2171,281.1,60,25,4.86,JP,1707446048
541,grand falls-windsor,-55.6649,48.9332,259.31,100,84,1.04,CA,1707446049
542,qalat,66.9083,32.1058,274.86,41,0,2.78,AF,1707446049
